<beans xmlns="http://www.springframework.org/schema/beans"
       xmlns:xsi="http://www.w3.org/2001/XMLSchema-instance"
       xmlns:p="http://www.springframework.org/schema/p"
       xmlns:aop="http://www.springframework.org/schema/aop"
       xmlns:tx="http://www.springframework.org/schema/tx"
       xmlns:mvc="http://www.springframework.org/schema/mvc"
       xmlns:context="http://www.springframework.org/schema/context"
       xsi:schemaLocation="http://www.springframework.org/schema/beans http://www.springframework.org/schema/beans/spring-beans-3.0.xsd
       http://www.springframework.org/schema/context http://www.springframework.org/schema/context/spring-context-3.0.xsd
       http://www.springframework.org/schema/aop http://www.springframework.org/schema/aop/spring-aop-3.0.xsd
       http://www.springframework.org/schema/tx http://www.springframework.org/schema/tx/spring-tx-3.0.xsd
      http://www.springframework.org/schema/mvc http://www.springframework.org/schema/mvc/spring-mvc-3.0.xsd">

    
   <!-- Configuring the JDBC connection-->
   
   <bean id="dataSourceBean" class="org.springframework.jdbc.datasource.DriverManagerDataSource">
      <property name="driverClassName" value="com.mysql.jdbc.Driver" />
      <property name="url" value="jdbc:mysql://localhost:3306/user" />
      <property name="username" value="root" />
      <property name="password" value="password-1" />
   </bean>
    
   <!-- Configuring the Hibernate4 Session Factory Bean -->
   
 	<bean id="sessionFactoryBean" class="org.springframework.orm.hibernate4.LocalSessionFactoryBean">
  	    <property name="dataSource" ref="dataSourceBean" />
  	    <property name="mappingResources">
  	    	
      <list>
  	    	 
  	    	<value>com\dao\UserDao.hbm.xml</value>  	    	
  	    	<value>com\dao\ProductDao.hbm.xml</value>
  	        <value>com\dao\ManagerDao.hbm.xml</value>
      </list>  
  	          
  	   
  	    </property>
  	      	
      	<property name="hibernateProperties">
         <props>
            <prop key="hibernate.dialect">org.hibernate.dialect.MySQL5Dialect</prop>
            <prop key="hibernate.show_sql">true</prop>
             <prop key="hibernate.hbm2ddl.auto">update</prop>
                <prop key="hibernate.format_sql">true</prop>
                <prop key="hibernate.show_sql">true</prop>    

         </props>
      </property>
   </bean>
    
   <bean id="hibernateTemplateBean" class="org.springframework.orm.hibernate4.HibernateTemplate">
      <property name="sessionFactory" ref="sessionFactoryBean" />
      <property name="checkWriteOperations" value="false"></property>
   </bean>
    
   <bean id="authenticateServiceBean" class="com.service.AuthenticationService">
      <property name="hibernateTemplate" ref="hibernateTemplateBean" />
   </bean>
 
		<tx:annotation-driven transaction-manager="transactionManager" />

   
</beans>