<?xml version="1.0" encoding="UTF-8"?>
<!DOCTYPE hibernate-mapping SYSTEM "http://www.hibernate.org/dtd/hibernate-mapping-3.0.dtd">
<hibernate-mapping>
<class table="smartproduct" name="com.dao.ProductDao">
		<id name="id" column="id" type="int">
			<generator class="native"/>
			</id>
		<property name="ProductRack" column="ProductRack" type="string"/>
		<property name="ProductName" column="ProductName" type="string"/>
		<property name="ProductImage" column="ProductImage" type="string"/>
		<property name="NoOfItems" column="NoOfItems" type="int"/>
		<property name="DateOfManf" column="DateOfManf" type="int"/>
		<property name="DateOfExpiry" column="DateOfExpiry" type="int"/>
	
	</class>
</hibernate-mapping>