<?xml version="1.0" encoding="UTF-8"?>
<!DOCTYPE hibernate-mapping SYSTEM "http://www.hibernate.org/dtd/hibernate-mapping-3.0.dtd">
<hibernate-mapping>
	<class table="user" name="com.dao.UserDao">
		<id name="id" column="id" type="int">
			<generator class="native"/>
		</id>
		<property name="userid" column="userid" type="string"/>
		<property name="first_name" column="first_name" type="string"/>
		<property name="last_name" column="last_name" type="string"/>
		<property name="age" column="age" type="int"/>
		<property name="gender" column="gender" type="string"/>
		<property name="contact_number" column="contact_number" type="string"/>
		<property name="password" column="password" type="string"/>
	</class>
</hibernate-mapping>